sentence,predicted_category,expected_category,timestamp,category_keywords,predicted_belbin_role,expected_belbin_role,belbin_role_keywords,belbin_role_context,predicted_tone,expected_tone,predicted_sentiment_score,predicted_sentiment_confidence
We need to ensure we stick to the agenda and achieve our objectives for this meeting.,action,action,2025-03-23 09:25:49.923235,"['ensure', 'agenda', 'achieve', 'objectives']",Unknown,Shaper,[],Unknown,Neutral,Neutral,0.0,0.0
Has anyone considered the potential risks associated with this plan?,thought,thought,2025-03-23 09:25:52.483961,"['consider', 'risk', 'potential', 'plan']",Unknown,Monitor Evaluator,[],Unknown,Neutral,Neutral,0.0,0.0
I'm happy to help facilitate and ensure everyone contributes.,people,people,2025-03-23 09:25:55.149562,"['help', 'facilitate', 'ensure', 'everyone', 'contributes']",Unknown,Co-ordinator,[],Unknown,Neutral,Positive,0.0,0.0
This approach might not be the most cost-effective solution; let's explore alternatives.,thought,thought,2025-03-23 09:25:57.776618,"['cost-effective', 'solution', 'explore', 'alternatives']",Unknown,Monitor Evaluator,[],Unknown,Neutral,Neutral,0.0,0.0
I'll take the lead on organizing the follow-up actions from this meeting.,action,action,2025-03-23 09:26:00.397965,"['lead', 'organizing', 'actions']",Unknown,Implementer,[],Unknown,Neutral,Neutral,0.0,0.0
I have some data from a recent study that could be relevant to this discussion.,thought,thought,2025-03-23 09:26:03.251449,"['data', 'study', 'relevant', 'discussion']",Unknown,Specialist,[],Unknown,Neutral,Neutral,0.0,0.0
"I think we're making good progress, and the team is working well together.",people,people,2025-03-23 09:26:05.750388,"['team', 'together', 'progress']",Unknown,Teamworker,[],Unknown,Neutral,Positive,0.0,0.0
We need to be more innovative in our approach. Let's think outside the box.,thought,thought,2025-03-23 09:26:08.370707,"['innovative', 'approach', 'think']",Unknown,Plant,[],Unknown,Neutral,Positive,0.0,0.0
Let's aim to have all deliverables completed by Friday.,action,action,2025-03-23 09:26:10.897082,"['achieve', 'complete']",Unknown,Completer Finisher,[],Unknown,Neutral,Neutral,0.0,0.0
