sentence,expected_role,expected_tone,belbin_category
We need to ensure we stick to the agenda and achieve our objectives for this meeting.,Shaper,postive,action
Has anyone considered the potential risks associated with this plan?,Monitor Evaluator,neutral,thought
I'm happy to help facilitate and ensure everyone contributes.,Co-ordinator,postive,people
This approach might not be the most cost-effective solution; let's explore alternatives.,Monitor Evaluator,neutral,thought
I'll take the lead on organizing the follow-up actions from this meeting.,Implementer,postive,action
I have some data from a recent study that could be relevant to this discussion.,Specialist,neutral,thought
I think we're making good progress and the team is working well together.,Teamworker,postive,people
We need to be more innovative in our approach. Let's think outside the box.,Plant,postive,thought
Let's aim to have all deliverables completed by Friday.,Completer Finisher,postive,action
Let's brainstorm some innovative marketing campaigns for the new product line.,Plant,postive,thought
I'm concerned about the budget constraints for this project. We need to be realistic.,Monitor Evaluator,negative,thought
I think Sarah's suggestion about targeting a younger demographic is brilliant.,Plant,postive,thought
Can we make a decision on the vendor by the end of this meeting?,Shaper,neutral,action
It's important that everyone feels heard and valued in this discussion.,Teamworker,postive,people
Before we proceed I want to ensure we have all the necessary data to support this strategy.,Completer Finisher,neutral,action
Perhaps we should consider a more cautious approach.,Monitor Evaluator,neutral,thought
I'm happy to take notes and summarize action items.,Implementer,postive,action
Let's get this done quickly and efficiently.,Shaper,postive,action
We need to analyze all the data before moving forward.,Monitor Evaluator,neutral,thought
I'm happy to support anyone who needs help with their tasks.,Teamworker,postive,people
This is a complex problem but I think I have a creative solution.,Plant,postive,thought
I'll create a detailed plan to implement this strategy.,Implementer,postive,action
I have the expertise to handle this specific aspect of the project.,Specialist,postive,thought
Let's make sure everyone has a chance to contribute.,Co-ordinator,postive,people
I'll go find out what our competitors are doing.,Resource Investigator,neutral,people
We need to ensure this is completely error-free before we launch.,Completer Finisher,postive,action
I will organize the next steps and delegate tasks accordingly.,Co-ordinator,postive,people
We need to analyze all the data before moving forward.,Monitor Evaluator,neutral,thought
We need a forceful leader to drive this project to completion.,Shaper,postive,action
Has anyone considered the long-term implications of this decision?,Monitor Evaluator,neutral,thought
I'm here to ensure team harmony and resolve any conflicts.,Teamworker,postive,people
I've come up with a completely new way to approach this challenge.,Plant,postive,thought
I'll take charge of organizing the logistics and resources.,Implementer,postive,action
My specialized knowledge in this area will be crucial to our success.,Specialist,postive,thought
I'll coordinate the team's efforts and ensure we stay on track.,Co-ordinator,postive,people
I'll explore all available options and bring back new ideas.,Resource Investigator,neutral,people
We must ensure every detail is perfect before we finalize this.,Completer Finisher,postive,action
I'll set up a system to monitor progress and track deadlines.,Implementer,postive,action
We need to be more assertive and take control of this situation.,Shaper,postive,action
Let's take a step back and analyze the potential consequences.,Monitor Evaluator,neutral,thought
I'm here to create a postive and supportive team environment.,Teamworker,postive,people
I have an unconventional idea that could revolutionize our approach.,Plant,postive,thought
I'll develop a step-by-step plan to execute this strategy effectively.,Implementer,postive,action
My unique skills and expertise make me the ideal person for this task.,Specialist,postive,thought
I'll facilitate communication and ensure everyone's voice is heard.,Co-ordinator,postive,people
I'll investigate new opportunities and bring fresh perspectives to the team.,Resource Investigator,neutral,people
We need to double-check everything to guarantee flawless execution.,Completer Finisher,postive,action
I'll establish a clear process for implementation and follow-through.,Implementer,postive,action
We need to take decisive action and move forward with confidence.,Shaper,postive,action
Let's evaluate the pros and cons carefully before making a decision.,Monitor Evaluator,neutral,thought
I'm committed to fostering a collaborative and harmonious team dynamic.,Teamworker,postive,people
I have a groundbreaking idea that could transform our industry.,Plant,postive,thought
I'll create a detailed roadmap to ensure successful implementation.,Implementer,postive,action
My specialized knowledge and experience are essential for this project.,Specialist,postive,thought
I'll coordinate the team's efforts and ensure seamless collaboration.,Co-ordinator,postive,people
I'll seek out new opportunities and resources to benefit the team.,Resource Investigator,neutral,people
We must ensure complete accuracy and precision in every aspect of this.,Completer Finisher,postive,action
I'll develop a comprehensive plan and oversee its execution.,Implementer,postive,action
We need to be more proactive and assertive in our approach.,Shaper,postive,action
Let's analyze the data from all angles to make an informed decision.,Monitor Evaluator,neutral,thought
I'm dedicated to creating a supportive and inclusive team environment.,Teamworker,postive,people
I have a truly innovative idea that could revolutionize our business.,Plant,postive,thought
I'll put together a detailed plan to ensure smooth implementation.,Implementer,postive,action
My specialized skills and knowledge are vital to this undertaking.,Specialist,postive,thought
I'll coordinate the team and ensure everyone is working effectively.,Co-ordinator,postive,people
I'll explore all avenues and bring back valuable insights.,Resource Investigator,neutral,people
We need to guarantee 100% accuracy and flawless performance.,Completer Finisher,postive,action
I'll create a structured plan and manage the implementation process.,Implementer,postive,action
Drive the agenda forward.,Shaper,postive,action
Evaluate potential risks.,Monitor Evaluator,neutral,thought
Facilitate team collaboration.,Teamworker,postive,people
Generate innovative solutions.,Plant,postive,thought
Organize project execution.,Implementer,postive,action
Provide expert insights.,Specialist,neutral,thought
Coordinate team efforts.,Co-ordinator,postive,people
Explore external opportunities.,Resource Investigator,neutral,people
Ensure quality control.,Completer Finisher,postive,action
Delegate tasks effectively.,Co-ordinator,postive,people
We need to finalize the project plan by the end of this meeting.,Completer Finisher,postive,action
Let's consider alternative solutions to this problem.,Monitor Evaluator,neutral,thought
I can help coordinate the tasks for our next steps.,Co-ordinator,postive,people
This idea could revolutionize our approach to marketing.,Plant,postive,thought
We should ensure all deliverables are error-free before submission.,Completer Finisher,postive,action
I'll gather feedback from the team to improve our process.,Teamworker,postive,people
We need to organize the follow-up actions after this meeting.,Implementer,postive,action
Our recent study shows a significant increase in user engagement.,Specialist,neutral,thought
I've found some potential partners who could benefit our project.,Resource Investigator,postive,people
We must make a decision on the budget allocation right now.,Shaper,postive,action
Analyzing the risks involved in this strategy is crucial.,Monitor Evaluator,neutral,thought
I'll ensure everyone is on the same page regarding their roles.,Co-ordinator,postive,people
This new concept is truly groundbreaking and could change everything.,Plant,postive,thought
We need to double-check the accuracy of our final report.,Completer Finisher,postive,action
I'll support the team in any way I can to achieve our goals.,Teamworker,postive,people
Let's create a detailed action plan for the next phase.,Implementer,postive,action
The data from our latest research is quite promising.,Specialist,neutral,thought
I've identified some new market opportunities we should explore.,Resource Investigator,neutral,people
John is always enthusiastic and brings new opportunities to the team.,Resource Investigator,postive,people
Sometimes John can be overly optimistic about potential leads.,Resource Investigator,neutral,people
John often loses interest once the initial excitement fades.,Resource Investigator,negative,people
Sarah is very cooperative and helps to avert friction within the team.,Teamworker,postive,people
Sarah can be indecisive when tough decisions need to be made.,Teamworker,neutral,people
Sarah tends to avoid confrontation even when it's necessary.,Teamworker,negative,people
Michael is great at identifying talent and delegating tasks effectively.,Co-ordinator,postive,people
Michael can sometimes come across as manipulative.,Co-ordinator,neutral,people
Michael often offloads his own work onto others.,Co-ordinator,negative,people
Emma is highly creative and solves problems in unconventional ways.,Plant,postive,thought
Emma might be too preoccupied with her own ideas at times.,Plant,neutral,thought
Emma can ignore practical details and be absent-minded.,Plant,negative,thought
David is strategic and judges options accurately.,Monitor Evaluator,postive,thought
David might lack the drive to inspire others.,Monitor Evaluator,neutral,thought
David can be overly critical and slow to make decisions.,Monitor Evaluator,negative,thought
Linda provides specialized knowledge that is crucial to the project.,Specialist,postive,thought
Linda might focus too narrowly on her own area of expertise.,Specialist,neutral,thought
Linda can dwell on technicalities and contribute on a limited front.,Specialist,negative,thought
James thrives under pressure and overcomes obstacles effectively.,Shaper,postive,action
James might be prone to provocation in high-stress situations.,Shaper,neutral,action
James can be aggressive and bad-tempered when challenged.,Shaper,negative,action
Alice is practical and turns ideas into actionable plans.,Implementer,postive,action
Alice might be inflexible when new possibilities arise.,Implementer,neutral,action
Alice can be slow to respond to changes in the project.,Implementer,negative,action
Mark is conscientious and ensures all errors are corrected.,Completer Finisher,postive,action
Mark might worry unduly about minor details.,Completer Finisher,neutral,action
Mark can be reluctant to delegate tasks to others.,Completer Finisher,negative,action
John's enthusiasm is contagious and he always brings fresh ideas to the table.,Resource Investigator,postive,people
John sometimes gets carried away with new opportunities and overlooks potential risks.,Resource Investigator,neutral,people
John often forgets to follow up on important leads which can be frustrating.,Resource Investigator,negative,people
Sarah's perceptiveness helps the team navigate complex interpersonal dynamics.,Teamworker,postive,people
Sarah can be hesitant to voice her opinion during critical discussions.,Teamworker,neutral,people
Sarah's reluctance to confront issues can sometimes lead to unresolved conflicts.,Teamworker,negative,people
Michael's confidence in delegating tasks ensures that everyone knows their role.,Co-ordinator,postive,people
Michael's tendency to delegate too much can sometimes be seen as avoiding responsibility.,Co-ordinator,neutral,people
Michael's manipulative behavior can create tension within the team.,Co-ordinator,negative,people
Emma's innovative solutions have led to several breakthroughs in our projects.,Plant,postive,thought
Emma's focus on her own ideas can sometimes make her seem detached from the team.,Plant,neutral,thought
Emma's absent-mindedness can cause her to miss important deadlines.,Plant,negative,thought
David's discerning judgment helps the team make well-informed decisions.,Monitor Evaluator,postive,thought
David's lack of enthusiasm can sometimes dampen the team's morale.,Monitor Evaluator,neutral,thought
David's overly critical nature can slow down the decision-making process.,Monitor Evaluator,negative,thought
Linda's dedication to her field brings invaluable expertise to the team.,Specialist,postive,thought
Linda's narrow focus can sometimes limit her contribution to broader team goals.,Specialist,neutral,thought
Linda's tendency to dwell on technicalities can hinder overall progress.,Specialist,negative,thought
James's dynamic approach motivates the team to tackle challenges head-on.,Shaper,postive,action
James's provocative comments can sometimes create unnecessary tension.,Shaper,neutral,action
James's aggressive behavior can be off-putting to team members.,Shaper,negative,action
Alice's efficiency in turning ideas into actions keeps the project on track.,Implementer,postive,action
Alice's resistance to change can be a barrier to innovation.,Implementer,neutral,action
Alice's slow response to new possibilities can delay project progress.,Implementer,negative,action
Mark's meticulous attention to detail ensures high-quality results.,Completer Finisher,postive,action
Mark's excessive worrying about minor issues can be distracting.,Completer Finisher,neutral,action
Mark's reluctance to delegate tasks can lead to burnout.,Completer Finisher,negative,action
I'm really excited about the new partnership opportunities I've discovered!,Resource Investigator,postive,people
I might be a bit too optimistic about these leads but they seem promising.,Resource Investigator,neutral,people
I know I should follow up on those contacts but I've lost interest in them.,Resource Investigator,negative,people
I'm happy to help mediate and keep the team working harmoniously.,Teamworker,postive,people
I'm not sure if I should voice my opinion on this matter it might cause friction.,Teamworker,neutral,people
I prefer to avoid confrontation even if it means some issues remain unresolved.,Teamworker,negative,people
Let's delegate these tasks so everyone knows their responsibilities and we can achieve our goals.,Co-ordinator,postive,people
I might be delegating too much but it's important to distribute the workload.,Co-ordinator,neutral,people
I tend to offload my own tasks onto others which might not be fair.,Co-ordinator,negative,people
I've come up with a creative solution that could really push our project forward!,Plant,postive,thought
I might be too focused on my own ideas but I believe they have potential.,Plant,neutral,thought
I often get lost in my thoughts and forget about practical details.,Plant,negative,thought
I've carefully evaluated all options and believe this is the best course of action.,Monitor Evaluator,postive,thought
I might lack the enthusiasm to inspire the team but my judgment is sound.,Monitor Evaluator,neutral,thought
I know I can be overly critical which slows down our decision-making process.,Monitor Evaluator,negative,thought
My expertise in this area is crucial for the success of our project.,Specialist,postive,thought
I tend to focus narrowly on my specialty which might limit my broader contributions.,Specialist,neutral,thought
I often dwell on technicalities which can hinder overall progress.,Specialist,negative,thought
I thrive under pressure and am ready to tackle any obstacles we face!,Shaper,postive,action
I might provoke some reactions but it's important to challenge the status quo.,Shaper,neutral,action
I know my aggressive approach can be off-putting but it's how I drive results.,Shaper,negative,action
I'm practical and efficient and I'll turn these ideas into actionable plans.,Implementer,postive,action
I might be inflexible but I believe in sticking to proven methods.,Implementer,neutral,action
I can be slow to respond to new possibilities which might delay our progress.,Implementer,negative,action
I'm meticulous and will ensure that every detail is perfect before we finalize.,Completer Finisher,postive,action
I worry about minor issues but it's important to get everything right.,Completer Finisher,neutral,action
I find it hard to delegate tasks because I want to ensure they're done correctly.,Completer Finisher,negative,action
I found some great new contacts that could really benefit our project!,Resource Investigator,postive,people
I'm thrilled about the potential collaborations we've uncovered.,Resource Investigator,postive,people
I might be a bit too optimistic about these leads but they seem promising.,Resource Investigator,neutral,people
I tend to get excited about new ideas sometimes without considering the risks.,Resource Investigator,neutral,people
I might be getting ahead of myself with these new leads but they look promising.,Resource Investigator,neutral,people
I know I should follow up on those contacts but I've lost interest in them.,Resource Investigator,negative,people
I often lose interest in follow-ups once the initial excitement wears off.,Resource Investigator,negative,people
I know I should keep track of these leads but I find it hard to stay focused.,Resource Investigator,negative,people
I'm always here to support the team and ensure we work well together.,Teamworker,postive,people
I enjoy helping the team navigate through any interpersonal issues.,Teamworker,postive,people
I sometimes hesitate to share my thoughts during meetings to avoid conflict.,Teamworker,neutral,people
I find it challenging to make tough decisions that might upset others.,Teamworker,neutral,people
I often avoid difficult conversations which can lead to unresolved issues.,Teamworker,negative,people
I prefer to stay out of confrontations even if it means some problems persist.,Teamworker,negative,people
I can help organize our tasks so everyone knows what they need to do.,Co-ordinator,postive,people
I'm confident in my ability to delegate work effectively.,Co-ordinator,postive,people
I sometimes delegate tasks to avoid taking on too much myself.,Co-ordinator,neutral,people
I might be delegating too much but it's important to ensure everyone is involved.,Co-ordinator,neutral,people
I tend to offload my own tasks onto others which might not be fair.,Co-ordinator,negative,people
I know I can be seen as manipulative when I delegate tasks.,Co-ordinator,negative,people
I tend to pass off my own responsibilities to others which might not be fair.,Co-ordinator,negative,people
I have a unique idea that could solve our current problem creatively.,Plant,postive,thought
My innovative thinking often leads to breakthrough solutions.,Plant,postive,thought
I sometimes get lost in my thoughts which can make it hard to focus on practical details.,Plant,neutral,thought
I might be too absorbed in my own ideas but I believe they can make a difference.,Plant,neutral,thought
I know I can be absent-minded and forget important details.,Plant,negative,thought
I often overlook the practical aspects of my ideas which can be problematic.,Plant,negative,thought
My strategic thinking helps the team make informed decisions.,Monitor Evaluator,postive,thought
I've analyzed all the options and can provide a clear recommendation.,Monitor Evaluator,postive,thought
I might not be the most enthusiastic but my evaluations are thorough.,Monitor Evaluator,neutral,thought
I sometimes struggle to inspire the team but my judgments are sound.,Monitor Evaluator,neutral,thought
I know my critical nature can slow down our decision-making process.,Monitor Evaluator,negative,thought
I tend to be overly critical which can be frustrating for the team.,Monitor Evaluator,negative,thought
I bring specialized knowledge that is crucial for our success.,Specialist,postive,thought
My expertise is essential for the technical aspects of our project.,Specialist,postive,thought
I sometimes get too absorbed in technical details which can be limiting.,Specialist,neutral,thought
I tend to focus narrowly on my area which might limit my broader contributions.,Specialist,neutral,thought
We're running out of time and need to speed things up!,Shaper,negative,action
This plan is completely unrealistic and will never work.,Monitor Evaluator,negative,thought
I'm feeling overwhelmed and unsupported in this team.,Teamworker,negative,people
This idea is too radical and impractical for our current resources.,Plant,negative,thought
We're behind schedule and the quality is suffering.,Completer Finisher,negative,action
No one is listening to my suggestions and I feel ignored.,Specialist,negative,thought
I'm frustrated with the lack of progress and direction.,Co-ordinator,negative,people
This project is failing because we didn't explore enough options.,Resource Investigator,negative,people
I'm struggling to keep up with all the tasks and deadlines.,Implementer,negative,action
We're heading for a disaster if we don't change course immediately!,Shaper,negative,action
This plan is riddled with flaws and potential risks.,Monitor Evaluator,negative,thought
The team is uncooperative and difficult to work with.,Teamworker,negative,people
This idea is completely unoriginal and unlikely to succeed.,Plant,negative,thought
The final product is full of errors and needs major revisions.,Completer Finisher,negative,action
My expertise is being ignored and the project is suffering as a result.,Specialist,negative,thought
There's a complete lack of coordination and communication in this team.,Co-ordinator,negative,people
We missed a crucial opportunity because we weren't proactive enough.,Resource Investigator,negative,people
I'm completely disorganized and unable to implement this plan.,Implementer,negative,action
Great job on completing the project ahead of schedule!,Completer Finisher,postive,action
We need to brainstorm new ideas for the upcoming campaign.,Plant,neutral,thought
I'm not sure if this approach will work.,Monitor Evaluator,negative,thought
Let's collaborate to find a solution.,Teamworker,postive,people
I think we should reconsider our strategy.,Shaper,neutral,action
Your research has been very thorough.,Specialist,postive,thought
We're falling behind on our deadlines.,Implementer,negative,action
I can help with the data analysis.,Resource Investigator,postive,people
Can we discuss the budget constraints?,Co-ordinator,neutral,people
This plan has several flaws.,Monitor Evaluator,negative,thought
Excellent presentation!,Completer Finisher,postive,action
We need to improve our communication.,Teamworker,neutral,people
I'm concerned about the project's progress.,Shaper,negative,action
Your expertise is invaluable.,Specialist,postive,thought
We should focus on the key objectives.,Implementer,neutral,action
I've found some potential partners for collaboration.,Resource Investigator,postive,people
Let's review the project milestones.,Co-ordinator,neutral,people
This approach might not be effective.,Monitor Evaluator,negative,thought
Fantastic work on the report!,Completer Finisher,postive,action
We need to address the team's concerns.,Teamworker,neutral,people
I'm worried about the risks involved.,Shaper,negative,action
Your insights are very helpful.,Specialist,postive,thought
We should streamline our processes.,Implementer,neutral,action
I've identified some new opportunities.,Resource Investigator,postive,people
Can we set up a meeting to discuss?,Co-ordinator,neutral,people
This strategy needs improvement.,Monitor Evaluator,negative,thought
Great effort on the task!,Completer Finisher,postive,action
We need to enhance our teamwork.,Teamworker,neutral,people
I'm skeptical about this plan.,Shaper,negative,action
Your knowledge is impressive.,Specialist,postive,thought
We should optimize our workflow.,Implementer,neutral,action
I've found some useful resources.,Resource Investigator,postive,people
Let's outline the project goals.,Co-ordinator,neutral,people
This method may not be reliable.,Monitor Evaluator,negative,thought
Excellent job on the assignment!,Completer Finisher,postive,action
We need to boost team morale.,Teamworker,neutral,people
I'm concerned about the timeline.,Shaper,negative,action
Your skills are exceptional.,Specialist,postive,thought
We should prioritize our tasks.,Implementer,neutral,action
I've discovered some valuable contacts.,Resource Investigator,postive,people
Can we organize a brainstorming session?,Co-ordinator,neutral,people
This plan lacks clarity.,Monitor Evaluator,negative,thought
Fantastic work on the presentation!,Completer Finisher,postive,action
We need to address the team's feedback.,Teamworker,neutral,people
I'm worried about the project's feasibility.,Shaper,negative,action
Your contributions are significant.,Specialist,postive,thought
We should refine our strategy.,Implementer,neutral,action
I've identified some potential collaborators.,Resource Investigator,postive,people
Let's review the project scope.,Co-ordinator,neutral,people
This approach might not be practical.,Monitor Evaluator,negative,thought
Your attention to detail is impressive.,Completer Finisher,postive,action
We need to come up with innovative solutions.,Plant,neutral,thought
I'm doubtful about the effectiveness of this method.,Monitor Evaluator,negative,thought
Let's work together to achieve our goals.,Teamworker,postive,people
I think we should reassess our priorities.,Shaper,neutral,action
Your technical skills are outstanding.,Specialist,postive,thought
We're not meeting our targets.,Implementer,negative,action
I can assist with the market research.,Resource Investigator,postive,people
Can we discuss the project timeline?,Co-ordinator,neutral,people
This proposal has several weaknesses.,Monitor Evaluator,negative,thought
Excellent job on the documentation!,Completer Finisher,postive,action
We need to improve our collaboration.,Teamworker,neutral,people
I'm concerned about the budget.,Shaper,negative,action
Your expertise is crucial for this project.,Specialist,postive,thought
We should focus on the main deliverables.,Implementer,neutral,action
I've found some potential investors.,Resource Investigator,postive,people
Let's review the project plan.,Co-ordinator,neutral,people
This strategy might not be effective.,Monitor Evaluator,negative,thought
Fantastic work on the analysis!,Completer Finisher,postive,action
We need to address the team's issues.,Teamworker,neutral,people
I'm worried about the project's scope.,Shaper,negative,action
Your insights are very valuable.,Specialist,postive,thought
We should streamline our operations.,Implementer,neutral,action
I've identified some new markets.,Resource Investigator,postive,people
Can we set up a meeting to discuss?,Co-ordinator,neutral,people
This method needs improvement.,Monitor Evaluator,negative,thought
Great effort on the task!,Completer Finisher,postive,action
We need to enhance our communication.,Teamworker,neutral,people
I'm skeptical about this approach.,Shaper,negative,action
Your knowledge is impressive.,Specialist,postive,thought
We should optimize our processes.,Implementer,neutral,action
I've found some useful contacts.,Resource Investigator,postive,people
Let's outline the project objectives.,Co-ordinator,neutral,people
This plan may not be reliable.,Monitor Evaluator,negative,thought
Excellent job on the assignment!,Completer Finisher,postive,action
We need to boost team morale.,Teamworker,neutral,people
I'm concerned about the timeline.,Shaper,negative,action
Your skills are exceptional.,Specialist,postive,thought
We should prioritize our tasks.,Implementer,neutral,action
I've discovered some valuable resources.,Resource Investigator,postive,people
Can we organize a brainstorming session?,Co-ordinator,neutral,people
This strategy lacks clarity.,Monitor Evaluator,negative,thought
Fantastic work on the presentation!,Completer Finisher,postive,action
We need to address the team's concerns.,Teamworker,neutral,people
I'm worried about the project's feasibility.,Shaper,negative,action
Your contributions are significant.,Specialist,postive,thought
We should refine our approach.,Implementer,neutral,action
I've identified some potential partners.,Resource Investigator,postive,people
Let's review the project scope.,Co-ordinator,neutral,people
This method might not be practical.,Monitor Evaluator,negative,thought
Your meticulous work is commendable.,Completer Finisher,postive,action
We need to generate creative ideas.,Plant,neutral,thought
I'm uncertain about the viability of this plan.,Monitor Evaluator,negative,thought
Let's collaborate to achieve success.,Teamworker,postive,people
I believe we should reevaluate our strategy.,Shaper,neutral,action
Your technical expertise is remarkable.,Specialist,postive,thought
We're missing our deadlines.,Implementer,negative,action
I can help with the competitor analysis.,Resource Investigator,postive,people
Can we discuss the project deliverables?,Co-ordinator,neutral,people
This approach has several drawbacks.,Monitor Evaluator,negative,thought
Excellent work on the report!,Completer Finisher,postive,action
We need to enhance our teamwork.,Teamworker,neutral,people
I'm concerned about the project's budget.,Shaper,negative,action
Your knowledge is essential for this task.,Specialist,postive,thought
We should concentrate on the key tasks.,Implementer,neutral,action
I've found some potential collaborators.,Resource Investigator,postive,people
Let's review the project timeline.,Co-ordinator,neutral,people
This strategy might not be feasible.,Monitor Evaluator,negative,thought
Fantastic job on the analysis!,Completer Finisher,postive,action
We need to address the team's concerns.,Teamworker,neutral,people
I'm worried about the project's scope.,Shaper,negative,action
Your insights are very valuable.,Specialist,postive,thought
We should streamline our operations.,Implementer,neutral,action
I've identified some new opportunities.,Resource Investigator,postive,people
Can we set up a meeting to discuss?,Co-ordinator,neutral,people
This method needs improvement.,Monitor Evaluator,negative,thought
Great effort on the task!,Completer Finisher,postive,action
We need to improve our communication.,Teamworker,neutral,people
I'm skeptical about this approach.,Shaper,negative,action
Your knowledge is impressive.,Specialist,postive,thought
We should optimize our processes.,Implementer,neutral,action
I've found some useful contacts.,Resource Investigator,postive,people
Let's outline the project's objectives.,Co-ordinator,neutral,people
This plan may not be reliable.,Monitor Evaluator,negative,thought
Excellent job on the assignment!,Completer Finisher,postive,action
We need to boost team morale.,Teamworker,neutral,people
I'm concerned about the project's timeline.,Shaper,negative,action
Your skills are exceptional.,Specialist,postive,thought
We should prioritize our activities.,Implementer,neutral,action
I've discovered some valuable resources.,Resource Investigator,postive,people
Can we organize a brainstorming session?,Co-ordinator,neutral,people
This strategy lacks clarity.,Monitor Evaluator,negative,thought
Fantastic work on the presentation!,Completer Finisher,postive,action
We need to address the team's concerns.,Teamworker,neutral,people
I'm worried about the project's feasibility.,Shaper,negative,action
Your contributions are significant.,Specialist,postive,thought
We should refine our approach.,Implementer,neutral,action
I've identified some potential partners.,Resource Investigator,postive,people
Let's review the project's scope.,Co-ordinator,neutral,people
This method might not be practical.,Monitor Evaluator,negative,thought
Your dedication to this project is admirable.,Completer Finisher,postive,action
We need to brainstorm new strategies for the next quarter.,Plant,neutral,thought
Your innovative ideas are inspiring.,Plant,postive,thought